model name,mIoU-all,Acc-all,mIoU-other_daytime,Acc-other_daytime,mIoU-other_night,Acc-other_night,mIoU-clear_daytime,Acc-clear_daytime,mIoU-clear_night,Acc-clear_night
fcn_backbone_refine_benchmark,73.27057718277761,91.91261189705597,72.58037058882385,91.5052875258305,63.9801997754853,89.64799267898312,73.02500786035947,91.94530837504853,74.96653070908856,92.38134012938208
fcn_backbone_rainy_clear_daytime_fl,70.92906773115638,89.09629861125983,74.99186278440817,88.46428025976164,51.214984243900204,83.83957115637011,76.38296314618333,89.7045814292421,66.8028324413451,89.57300098868348
fcn_backbone_rainy_daytime_fl,0,0,75.90705885658353,90.30687209901905,49.700254949135584,84.63368043135883,76.37410141130279,90.81872442031201,62.9285056419586,90.96735260662096
fcn_backbone_rainy_clear_night_fl,0,0,72.95367943399319,90.14486684701318,64.12804185479825,86.7006685533936,72.26951246620237,90.41310657987492,75.67514674954133,90.34690419967872
fcn_backbone_rainy_night_fl,0,0,71.43850229918326,90.82015072389729,64.05795149386879,87.76247415199838,69.19435335969972,90.50131142739144,74.0180650048099,91.50705535935215
